"id","number","street","postal","city","country","id_user"
"1","729","Bayside",NULL,"Thị Trấn Việt Quang","Vietnam","1"
"2","3960","Oxford",NULL,"Xinqiaohe","China","2"
"3","7","Bowman","4760-743","Vilarinho das Cambas","Portugal","3"
"4","0","Crownhardt",NULL,"Neundeut","Indonesia","4"
"5","69155","Calypso",NULL,"Dhuusamarreeb","Somalia","5"
"6","64986","Sachs",NULL,"Watsa","Democratic Republic of the Congo","6"
"7","9","Clarendon",NULL,"Dame-Marie","Haiti","7"
"8","97417","Moose",NULL,"Bečej","Serbia","8"
"9","10321","Roxbury",NULL,"Bužim","Bosnia and Herzegovina","9"
"10","441","Prairieview",NULL,"Baku","Azerbaijan","10"
"11","1","Mitchell","216471","Stodolishche","Russia","11"
"12","1270","Bultman",NULL,"Chayuan","China","12"
"13","5037","Mccormick",NULL,"Yanggang","China","13"
"14","587","Holmberg","23-231","Gościeradów","Poland","14"
"15","9065","Packers","512 42","Poniklá","Czech Republic","15"
"16","97609","Nancy","6204","Maastricht","Netherlands","16"
"17","35","Corry","252837","Nariño","Colombia","17"
"18","15","Loomis",NULL,"Beixin","China","18"
"19","4","Helena",NULL,"San Rafael Oriente","El Salvador","19"
"20","6648","Dexter","4970-585","Portela","Portugal","20"
"21","2822","Anderson","2008","Prinza","Philippines","21"
"22","6","Sherman","76705","Waco","United States","22"
"23","6","Hanover",NULL,"Sindangsari","Indonesia","23"
"24","72455","Warbler",NULL,"Chernivtsi","Ukraine","24"
"25","61","Tomscot","93520","Kuching","Malaysia","25"
"26","4","Banding","525537","Túquerres","Colombia","26"
"27","6","Knutson",NULL,"Enhtal","Mongolia","27"
"28","33946","Hovde",NULL,"Ijuw","Nauru","28"
"29","1","Pankratz","26-510","Chlewiska","Poland","29"
"30","62","Stoughton","1035","Budapest","Hungary","30"
"31","1846","Prairie Rose","141 38","Huddinge","Sweden","31"
"32","1832","Messerschmidt","3743","Tintina","Argentina","32"
"33","6","Reindahl","51508","Point Pedro","Sri Lanka","33"
"34","628","Mayfield","76-214","Smołdzino","Poland","34"
"35","1898","Porter",NULL,"Anjozorobe","Madagascar","35"
"36","5","Westridge","38161","Memphis","United States","36"
"37","3093","Vahlen",NULL,"Pamoyanan","Indonesia","37"
"38","103","Tennyson",NULL,"Liujiage","China","38"
"39","5559","Ryan","46675","Petaling Jaya","Malaysia","39"
"40","7647","Golf",NULL,"Mubende","Uganda","40"
"41","9782","Eliot","137 57","Tungelsta","Sweden","41"
"42","9","Stuart","30905","Augusta","United States","42"
"43","42","Donald","10410","Gradići","Croatia","43"
"44","38","Anzinger",NULL,"Honglu","China","44"
"45","2644","Carioca",NULL,"Qızılhacılı","Azerbaijan","45"
"46","71377","Vera","348 15","Planá","Czech Republic","46"
"47","1373","Waxwing",NULL,"Ngembul","Indonesia","47"
"48","7","David","683558","Socorro","Colombia","48"
"49","147","Pankratz",NULL,"Caracol","Haiti","49"
"50","219","Fairfield","4848","Foxton","New Zealand","50"
"51","4","Lighthouse Bay","42164 CEDEX","Andrézieux-Bouthéon","France","51"
"52","53225","Center","113 03","Stockholm","Sweden","52"
"53","2269","Russell","6417","Santa Teresa","Philippines","53"
"54","63","Vermont","889-1716","Miyazaki-shi","Japan","54"
"55","467","Mallory","6038","Toledo","Philippines","55"
"56","77175","Judy","44269","Dortmund","Germany","56"
"57","29770","Miller",NULL,"Kanye","Botswana","57"
"58","37421","Hazelcrest","417 52","Hostomice","Czech Republic","58"
"59","5","Sutherland","668110","Chadan","Russia","59"
"60","89","Delaware",NULL,"Adrasmon","Tajikistan","60"
"61","91260","Hintze",NULL,"Miaoquan","China","61"
"62","1","Longview","783 56","Doloplazy","Czech Republic","62"
"63","4","Corry",NULL,"Baucau","East Timor","63"
"64","66","Green Ridge","8425","Alegria","Philippines","64"
"65","5","Nobel","3505-143","Bertelhe","Portugal","65"
"66","8","Crest Line","94631 CEDEX 1","Rungis","France","66"
"67","79","Service","67137 CEDEX","Schirmeck","France","67"
"68","63","Stang",NULL,"Bichena","Ethiopia","68"
"69","18492","Green",NULL,"Letlhakane","Botswana","69"
"70","991","Jenna",NULL,"Bila Krynytsya","Ukraine","70"
"71","8","Arkansas",NULL,"Kerek","Indonesia","71"
"72","315","Fulton",NULL,"Maliana","East Timor","72"
"73","81539","Manley",NULL,"Dolisie","Republic of the Congo","73"
"74","4487","Southridge",NULL,"Baiima","Sierra Leone","74"
"75","91","Prairieview",NULL,"Krajan Bakalan","Indonesia","75"
"76","902","Continental",NULL,"Koni-Djodjo","Comoros","76"
"77","38","Hintze",NULL,"Kujama","Nigeria","77"
"78","8366","Sundown",NULL,"Rukaj","Albania","78"
"79","7947","Green",NULL,"Hayil","Saudi Arabia","79"
"80","3","Killdeer",NULL,"Tuoshi","China","80"
"81","2","Anhalt",NULL,"Kulykiv","Ukraine","81"
"82","7685","Gulseth","4615-131","Vinha","Portugal","82"
"83","62","Lighthouse Bay",NULL,"Rutana","Burundi","83"
"84","21488","Emmet","1237","Forino","Macedonia","84"
"85","7","Goodland","171649","Kashin","Russia","85"
"86","2843","Artisan","6804","Arnhem","Netherlands","86"
"87","9","8th","41220","Ban Phan Don","Thailand","87"
"88","68706","Rowland","30160","Non Sung","Thailand","88"
"89","38","Brickson Park",NULL,"Ben Arous","Tunisia","89"
"90","665","Farmco","23663","Hampton","United States","90"
"91","6635","Colorado",NULL,"Dongtian","China","91"
"92","65","Veith",NULL,"Dipayal","Nepal","92"
"93","279","Nobel","92056 CEDEX","Paris La Défense","France","93"
"94","977","Esker",NULL,"San Lorenzo de Esmeraldas","Ecuador","94"
"95","58","Sauthoff","36019 CEDEX","Châteauroux","France","95"
"96","113","Jana","143316","Naro-Fominsk","Russia","96"
"97","448","Karstens",NULL,"Kabare","Indonesia","97"
"98","982","Donald",NULL,"Tianmen","China","98"
"99","956","Arapahoe",NULL,"Sunjia Buzi","China","99"
"100","161","Towne",NULL,"Bukama","Democratic Republic of the Congo","100"
"101","37225","Dexter","171 43","Solna","Sweden","101"
"102","4520","Everett","1185","Carolina","South Africa","102"
"103","370","Muir","2248","Bernardo de Irigoyen","Argentina","103"
"104","72918","Bunker Hill",NULL,"Rivas","Nicaragua","104"
"105","901","Manitowish",NULL,"Shekou","China","105"
"106","2","Anthes","3025-511","Castanheira do Campo","Portugal","106"
"107","38","Bluestem","4620-620","Quintães","Portugal","107"
"108","9704","Prairieview",NULL,"Agía Foteiní","Greece","108"
"109","759","Elgar",NULL,"Jianfeng","China","109"
"110","14","Susan","92132","San Diego","United States","110"
"111","2","Hooker",NULL,"Mochudi","Botswana","111"
"112","6407","Gulseth",NULL,"Los Tangos","Honduras","112"
"113","682","Towne","13250","Bang Ban","Thailand","113"
"114","55935","Carpenter",NULL,"Vawkavysk","Belarus","114"
"115","6717","Logan","80204","Denver","United States","115"
"116","80","Memorial",NULL,"Chunjiang","China","116"
"117","3","Cascade","21041","Batgrām","Pakistan","117"
"118","5836","Corry",NULL,"Qushi’an","China","118"
"119","0","Buell",NULL,"Cigembor","Indonesia","119"
"120","7270","Pepper Wood",NULL,"Vale","Georgia","120"
"121","17698","Maple Wood","MD-3547","Orhei","Moldova","121"
"122","5","Stoughton",NULL,"La Libertad","Honduras","122"
"123","7361","Service",NULL,"Bazhu","China","123"
"124","86172","Rockefeller",NULL,"Xiadingjia","China","124"
"125","4","Steensland","H3G","Norman Wells","Canada","125"
"126","8","Cherokee",NULL,"Huangcaotuo","China","126"
"127","2","Steensland",NULL,"Mankono","Ivory Coast","127"
"128","7526","Arapahoe","93909 CEDEX 9","Bobigny","France","128"
"129","3","Gale","73-108","Kobylanka","Poland","129"
"130","56","Sutherland",NULL,"Taisen-ri","South Korea","130"
"131","4205","Gina","10002","Cuyotenango","Guatemala","131"
"132","12","Hooker","2509","Balaoang","Philippines","132"
"133","395","Parkside",NULL,"Paledang","Indonesia","133"
"134","363","Westend","424-0888","Shizuoka-shi","Japan","134"
"135","27415","Larry","89160","Las Vegas","United States","135"
"136","6","Clyde Gallagher","731027","Lérida","Colombia","136"
"137","1","Golf Course",NULL,"Made","Indonesia","137"
"138","85440","Lukken","5730","Fort Beaufort","South Africa","138"
"139","7364","Dahle",NULL,"Phúc Yên","Vietnam","139"
"140","622","Dottie",NULL,"Ḏânan","Djibouti","140"
"141","91","Summer Ridge",NULL,"Cabanaconde","Peru","141"
"142","5660","Southridge","63120","Phu Sang","Thailand","142"
"143","1480","Crescent Oaks","51216","Marčelji","Croatia","143"
"144","69","Mcguire","418 03","Göteborg","Sweden","144"
"145","3113","Cottonwood","413362","Novouzensk","Russia","145"
"146","4660","Algoma","92613 CEDEX","Clichy","France","146"
"147","41388","Knutson","4720-028","Ferreiros","Portugal","147"
"148","46700","Forest Run",NULL,"Guangshan","China","148"
"149","571","Clarendon","29398-000","Irupi","Brazil","149"
"150","1012","Hoepker","J2E","Drummondville","Canada","150"
"151","88","Kim","69115-000","Rio Preto da Eva","Brazil","151"
"152","49","Harbort","188732","Kholm","Russia","152"
"153","494","Red Cloud",NULL,"Aitape","Papua New Guinea","153"
"154","11","Maryland",NULL,"Jiangna","China","154"
"155","4","Colorado",NULL,"Chashan","China","155"
"156","7600","Walton",NULL,"Makin Village","Kiribati","156"
"157","41","Gateway",NULL,"Pho Duc","Vietnam","157"
"158","39","Messerschmidt","9760-406","Praia da Vitória","Portugal","158"
"159","90831","Village",NULL,"Ritaebang","Indonesia","159"
"160","73181","Lyons","62025 CEDEX","Arras","France","160"
"161","5319","Mcguire","L7G","Miramichi","Canada","161"
"162","3564","Center","13681 CEDEX","Aubagne","France","162"
"163","134","Sachtjen",NULL,"Anau","French Polynesia","163"
"164","9","Johnson",NULL,"Cairo","Egypt","164"
"165","7","Hanover","141 48","Huddinge","Sweden","165"
"166","99462","Artisan","93590","Kuching","Malaysia","166"
"167","7","Logan",NULL,"Yangqing","China","167"
"168","6038","Westridge","58181","Khānewāl","Pakistan","168"
"169","4","Clemons",NULL,"Yanchi","China","169"
"170","35628","Dwight",NULL,"Naifaru","Maldives","170"
"171","9978","Donald","613151","Novotroitsk","Russia","171"
"172","54128","Oriole","07019","Santiago Atitlán","Guatemala","172"
"173","78391","Everett",NULL,"El Parco District","Peru","173"
"174","2","Duke","68610-000","Augusto Corrêa","Brazil","174"
"175","85","Arapahoe",NULL,"Anjirserapat","Indonesia","175"
"176","51","Welch","5180-205","Lagoaça","Portugal","176"
"177","422","Karstens",NULL,"Banatski Dvor","Serbia","177"
"178","63634","Bunker Hill","3405-354","Meruge","Portugal","178"
"179","57","Del Sol","63-740","Kobylin","Poland","179"
"180","63266","Kim","124 64","Bandhagen","Sweden","180"
"181","190","Fair Oaks",NULL,"Sokoto","Nigeria","181"
"182","21","Almo","47216","Buenavista","Mexico","182"
"183","1009","Bay","436-0079","Kakegawa","Japan","183"
"184","8","Dennis",NULL,"Ngembel","Indonesia","184"
"185","82","Sutteridge",NULL,"Luau","Angola","185"
"186","3914","Corscot",NULL,"Lantang","China","186"
"187","6467","Buena Vista","V31","Listowel","Ireland","187"
"188","6919","Farragut","169205","Yemva","Russia","188"
"189","95219","Hanson","71000","Thap Khlo","Thailand","189"
"190","4","Dovetail",NULL,"Pljevlja","Montenegro","190"
"191","34653","Birchwood",NULL,"Labinot-Mal","Albania","191"
"192","59418","Meadow Vale","6715","Ashton","South Africa","192"
"193","409","Warner",NULL,"Hövsan","Azerbaijan","193"
"194","53","Barnett","3917","Porsgrunn","Norway","194"
"195","196","Caliangt","3062","Tāngāil","Bangladesh","195"
"196","48101","Eagle Crest",NULL,"Hewan","China","196"
"197","2318","Truax","B9A","Port Hawkesbury","Canada","197"
"198","3735","Cordelia","8037","Zürich","Switzerland","198"
"199","99081","Fremont",NULL,"Kiên Lương","Vietnam","199"
"200","517","Utah","D04","Donnybrook","Ireland","200"
"201","78809","Sugar","95-047","Jeżów","Poland","201"
"202","1803","Atwood","561 50","Huskvarna","Sweden","202"
"203","8203","Huxley","745-0654","Kudamatsu","Japan","203"
"204","345","Paget","24-224","Borzechów","Poland","204"
"205","8","Quincy","142641","Kurovskoye","Russia","205"
"206","7107","Lakewood",NULL,"Dongshangen","China","206"
"207","349","Harbort",NULL,"Suwaru","Indonesia","207"
"208","1028","Del Sol",NULL,"Velasco Ibarra","Ecuador","208"
"209","59","Reinke","3003","Helvecia","Argentina","209"
"210","205","Oak",NULL,"Jingjiao","China","210"
"211","13915","Mifflin","664540","Khomutovo","Russia","211"
"212","714","Fieldstone",NULL,"Medenine","Tunisia","212"
"213","57564","Texas",NULL,"Banjar Desa","Indonesia","213"
"214","989","Loomis",NULL,"Senada","Morocco","214"
"215","75202","Oakridge","612200","Tuzha","Russia","215"
"216","4111","Oxford","462159","Saraktash","Russia","216"
"217","67","Vidon",NULL,"Yanqian","China","217"
"218","54","Arapahoe",NULL,"Kongolo","Democratic Republic of the Congo","218"
"219","798","Blue Bill Park","6203","Tanjay","Philippines","219"
"220","29270","Pierstorff",NULL,"Nangalimang","Indonesia","220"
"221","8434","Porter",NULL,"Makumbako","Tanzania","221"
"222","26","Acker",NULL,"Ninghai","China","222"
"223","24850","Emmet",NULL,"Monkey Hill","Saint Kitts and Nevis","223"
"224","99","South",NULL,"Zhuhong","China","224"
"225","1","South",NULL,"Loutrá","Greece","225"
"226","27","Menomonie","1196","Sydney","Australia","226"
"227","12203","Oak Valley","665236","Budagovo","Russia","227"
"228","2063","Sheridan",NULL,"Karoya","Indonesia","228"
"229","2672","Bobwhite",NULL,"Gyumri","Armenia","229"
"230","65863","Sage",NULL,"Xieqiao","China","230"
"231","83937","Sugar","93916","Kuching","Malaysia","231"
"232","11","Dapin",NULL,"Shangde","China","232"
"233","8","Express",NULL,"Syanno","Belarus","233"
"234","49","Russell","613366","Sovetsk","Russia","234"
"235","43","Bonner","J9H","Two Hills","Canada","235"
"236","0","Clemons",NULL,"Sirghāyā","Syria","236"
"237","9619","Amoth","5604","Békéscsaba","Hungary","237"
"238","5","Southridge","307831","Sudzha","Russia","238"
"239","34779","Village Green","8201","Veinticinco de Mayo","Argentina","239"
"240","6","Steensland","34-483","Lipnica Wielka","Poland","240"
"241","76162","Coolidge",NULL,"Zall-Herr","Albania","241"
"242","960","Mitchell","1699","Mandaluyong City","Philippines","242"
"243","9100","Forest Dale","68004 CEDEX","Colmar","France","243"
"244","852","Macpherson",NULL,"Hulu","China","244"
"245","63402","Mariners Cove",NULL,"Pamungguan","Indonesia","245"
"246","9933","Lyons",NULL,"Preobrazhenka","Ukraine","246"
"247","63","Rowland","92671 CEDEX","Courbevoie","France","247"
"248","6980","Summerview","813 91","Hofors","Sweden","248"
"249","969","Hoffman",NULL,"Bantawora","Indonesia","249"
"250","68","Ohio",NULL,"Xidajie","China","250"
"251","92597","Muir","35488","El Refugio","Mexico","251"
"252","2","Morrow","19009","La Unión","Guatemala","252"
"253","7","International",NULL,"Baraguá","Cuba","253"
"254","23","Steensland",NULL,"Xiuyu","China","254"
"255","3868","West",NULL,"Ilioúpoli","Greece","255"
"256","50692","Mesta",NULL,"Duoxiang","China","256"
"257","9981","Dawn","36109","Montgomery","United States","257"
"258","6407","Eagan",NULL,"Chenxikou","China","258"
"259","75958","Spaight",NULL,"Nkpor","Nigeria","259"
"260","127","Esch","346018","Krasnoyarka","Russia","260"
"261","1104","Dakota","461 58","Trollhättan","Sweden","261"
"262","993","South",NULL,"Kasiyan","Indonesia","262"
"263","1476","Mayer","671642","Kurumkan","Russia","263"
"264","5","Scoville","624013","Dvurechensk","Russia","264"
"265","5405","Donald","633008","Montenegro","Colombia","265"
"266","9","Bunker Hill","682529","Onzaga","Colombia","266"
"267","9046","Longview",NULL,"Pingtan","China","267"
"268","46154","Walton",NULL,"Byerazino","Belarus","268"
"269","56","Iowa","42-284","Herby","Poland","269"
"270","22081","Muir",NULL,"Dajing","China","270"
"271","6","Novick",NULL,"Taiping","China","271"
"272","48235","Starling",NULL,"Pelópion","Greece","272"
"273","6","Donald",NULL,"Ambohitrolomahitsy","Madagascar","273"
"274","90","Victoria",NULL,"Čapljina","Bosnia and Herzegovina","274"
"275","7","Longview",NULL,"Ngeni","Indonesia","275"
"276","6","2nd","98-310","Czarnożyły","Poland","276"
"277","4","Erie","38-420","Korczyna","Poland","277"
"278","6522","Bartelt","658089","Novoaltaysk","Russia","278"
"279","7453","Harbort",NULL,"Pandan","Indonesia","279"
"280","87191","West","36760","Luopioinen","Finland","280"
"281","377","South",NULL,"Pujijie","China","281"
"282","4142","Pennsylvania",NULL,"Thị Trấn Việt Lâm","Vietnam","282"
"283","8","Pearson","791 09","Falun","Sweden","283"
"284","0","School",NULL,"Cicurug","Indonesia","284"
"285","8857","Roxbury",NULL,"Mugan","China","285"
"286","9","Westerfield","44200-000","Santo Amaro","Brazil","286"
"287","52448","Eagle Crest",NULL,"Kefar Shemaryahu","Israel","287"
"288","86174","Jana","5041","Bergen","Norway","288"
"289","103","Huxley",NULL,"Palmitas","Uruguay","289"
"290","62032","Transport",NULL,"Pomichna","Ukraine","290"
"291","3","Goodland","8604","Sneek","Netherlands","291"
"292","25747","Clove","3064","Bandera","Argentina","292"
"293","16","Golf Course",NULL,"Capiíbary","Paraguay","293"
"294","52","Steensland",NULL,"Gali","Georgia","294"
"295","9870","Morrow",NULL,"Nanyang","China","295"
"296","2","Scofield",NULL,"Villa Hayes","Paraguay","296"
"297","3","Village","75650-000","Morrinhos","Brazil","297"
"298","75803","Onsgard",NULL,"Olleros","Peru","298"
"299","70425","Arizona",NULL,"Shibli","Israel","299"
"300","897","Chinook",NULL,"Hedong","China","300"
"301","6536","Eagan",NULL,"Qilin","China","301"
"302","197","Everett",NULL,"Yanjiang","China","302"
"303","59925","Porter","30330","Chachoengsao","Thailand","303"
"304","12441","Morningstar",NULL,"Goujie","China","304"
"305","14309","Elmside","552 03","Česká Skalice","Czech Republic","305"
"306","29","Buell","37-114","Białobrzegi","Poland","306"
"307","137","Heath",NULL,"Marsabit","Kenya","307"
"308","72","Barby","083028","Malambo","Colombia","308"
"309","2","Carioca","38293 CEDEX","Saint-Quentin-Fallavier","France","309"
"310","55432","Arapahoe","177 40","Järfälla","Sweden","310"
"311","98","Harbort","405 33","Göteborg","Sweden","311"
"312","30948","Hollow Ridge","23324","Chesapeake","United States","312"
"313","24877","Valley Edge","3040-555","Albergaria","Portugal","313"
"314","140","Kennedy","3090-710","Gala","Portugal","314"
"315","19","Parkside","4750-771","Quintão","Portugal","315"
"316","4335","Helena","28420","Lakki Marwat","Pakistan","316"
"317","5","Anhalt",NULL,"Turi","Indonesia","317"
"318","5","Farmco",NULL,"Zhijin","China","318"
"319","3434","Cottonwood","403 40","Ústí nad Labem","Czech Republic","319"
"320","12","Summer Ridge",NULL,"Lirang","China","320"
"321","2334","Hanover","931 22","Skellefteå","Sweden","321"
"322","94","Ronald Regan","90805","Long Beach","United States","322"
"323","4856","Waywood",NULL,"Youxikou","China","323"
"324","2020","Jay",NULL,"Baran","Indonesia","324"
"325","22848","Prairieview",NULL,"Chengnan","China","325"
"326","190","Forster","3322","Baquero Norte","Philippines","326"
"327","55","Westerfield","03012","Ciudad Vieja","Guatemala","327"
"328","943","Montana",NULL,"Maoping","China","328"
"329","2111","Moose",NULL,"Serang","Indonesia","329"
"330","93","Eagan",NULL,"Kademangan","Indonesia","330"
"331","38905","Kropf","8308","Gamut","Philippines","331"
"332","554","Arrowood",NULL,"Mweka","Democratic Republic of the Congo","332"
"333","84","Hudson",NULL,"Shitan","China","333"
"334","520","Pennsylvania",NULL,"Mocímboa","Mozambique","334"
"335","738","4th",NULL,"Tamansari","Indonesia","335"
"336","75","6th",NULL,"Ambatofinandrahana","Madagascar","336"
"337","0","Knutson","64234 CEDEX","Lescar","France","337"
"338","31","Pennsylvania",NULL,"Ea Drăng","Vietnam","338"
"339","19618","Independence","142717","Orekhovo-Borisovo Severnoye","Russia","339"
"340","8297","Meadow Vale","3505","Estefania","Philippines","340"
"341","77","Mockingbird",NULL,"Tunis","Tunisia","341"
"342","19","Coolidge","729-5122","Kushiro","Japan","342"
"343","319","Dovetail","422721","Spassk","Russia","343"
"344","5","7th",NULL,"Jiquinlaca","Honduras","344"
"345","77528","Tomscot",NULL,"Meiqi","China","345"
"346","36247","Mallory",NULL,"Guluoshan","China","346"
"347","9313","Morning",NULL,"Beiqijia","China","347"
"348","26115","Kings",NULL,"Enyerhyetykaw","Belarus","348"
"349","9","Lakewood",NULL,"Tombatu","Indonesia","349"
"350","44","Amoth",NULL,"Mersam","Indonesia","350"
"351","66","Helena","62222 CEDEX","Boulogne-sur-Mer","France","351"
"352","37550","Springs","665442","Malaya Dubna","Russia","352"
"353","71","Oneill","4610-104","Felgueiras","Portugal","353"
"354","78461","Farmco","141032","Vatutino","Russia","354"
"355","50","Logan","814 41","Skutskär","Sweden","355"
"356","0","Ilene",NULL,"Tembeling","Indonesia","356"
"357","661","Paget",NULL,"Lop","China","357"
"358","30","3rd",NULL,"Zhiqing Songduo","China","358"
"359","502","3rd","762548","Caicedonia","Colombia","359"
"360","5","Fair Oaks","523047","Ospina","Colombia","360"
"361","36","Del Sol",NULL,"Cikiruh Wetan","Indonesia","361"
"362","99744","Packers","612412","Zuyevka","Russia","362"
"363","9","Atwood","2900-005","Setúbal","Portugal","363"
"364","586","Fordem","8336","Villa Regina","Argentina","364"
"365","36520","International",NULL,"Songmuping","China","365"
"366","5","Randy","649750","Ust’-Ulagan","Russia","366"
"367","429","Jay","5060-016","Celeirós","Portugal","367"
"368","7522","Cambridge","39820-000","Novo Cruzeiro","Brazil","368"
"369","8609","Badeau",NULL,"Majingklak","Indonesia","369"
"370","23037","Texas","82200","Tangalla","Sri Lanka","370"
"371","67853","Erie","140074","Tomilino","Russia","371"
"372","551","Kedzie","253-0041","Chigasaki","Japan","372"
"373","77842","Claremont",NULL,"Turirejo","Indonesia","373"
"374","5","Novick","106 65","Stockholm","Sweden","374"
"375","68031","Helena",NULL,"Kaliprak","Indonesia","375"
"376","73","Schlimgen",NULL,"Sa’erhusong","China","376"
"377","296","Morningstar",NULL,"Travesía","Honduras","377"
"378","1","Memorial",NULL,"Jieshipu","China","378"
"379","6","Melvin","42-284","Wręczyca Wielka","Poland","379"
"380","59","Del Mar","20022","Washington","United States","380"
"381","52","Scofield","29330-000","Itapemirim","Brazil","381"
"382","0","Magdeline",NULL,"Quilmaná","Peru","382"
"383","6","Kenwood",NULL,"Fedorovka","Kazakhstan","383"
"384","62312","Sunbrook","3652","Himeville","South Africa","384"
"385","4182","Vermont",NULL,"Sigou","China","385"
"386","9812","Algoma",NULL,"Tempaling","Indonesia","386"
"387","26832","Sherman",NULL,"Buni Yadi","Nigeria","387"
"388","1","Ridge Oak",NULL,"Sanjiang","China","388"
"389","0","Amoth","38-204","Tarnowiec","Poland","389"
"390","8226","Macpherson",NULL,"Xipingle","China","390"
"391","166","Mandrake","A1C","Sainte-Martine","Canada","391"
"392","80","Golf View",NULL,"Jambuir Timur","Indonesia","392"
"393","9","Surrey","296 81","Åhus","Sweden","393"
"394","2","Fieldstone","3764","Soest","Netherlands","394"
"395","7394","Hoepker",NULL,"Yaurisque","Peru","395"
"396","98","Shelley",NULL,"Thika","Kenya","396"
"397","9","Swallow","446533","Sernovodsk","Russia","397"
"398","32158","Gateway",NULL,"Opuwo","Namibia","398"
"399","3","Stephen",NULL,"Yong’an","China","399"
"400","5222","Butternut","162825","Imeni Zhelyabova","Russia","400"
"401","8647","Valley Edge","60567","Naperville","United States","401"
"402","8","Twin Pines",NULL,"Agbor","Nigeria","402"
"403","1277","Anzinger","35200-000","Aimorés","Brazil","403"
"404","26506","Upham","63180","Saint Louis","United States","404"
"405","535","Dawn",NULL,"Hengduo","China","405"
"406","501","Alpine",NULL,"Changkeng","China","406"
"407","705","Dixon",NULL,"Wonorejo","Indonesia","407"
"408","3","Badeau",NULL,"Margita","Serbia","408"
"409","1","Fordem",NULL,"Taiyu","China","409"
"410","5","Armistice","4069","Stavanger","Norway","410"
"411","4","Sunbrook","63073","Offenbach","Germany","411"
"412","73820","Sycamore","M5G","Bassano","Canada","412"
"413","4011","Ohio",NULL,"Jindong","China","413"
"414","4375","Pennsylvania",NULL,"Ḏânan","Djibouti","414"
"415","811","Meadow Valley",NULL,"Wasagu","Nigeria","415"
"416","44810","Tomscot",NULL,"Hengshan","China","416"
"417","7","Arapahoe",NULL,"Kubang","Indonesia","417"
"418","83","Barnett","1807","Calancuasan Norte","Philippines","418"
"419","4","Kings","10607","Azua","Dominican Republic","419"
"420","15049","Calypso",NULL,"Tianyi","China","420"
"421","0","Rigney",NULL,"Higuerote","Venezuela","421"
"422","37","Kim","62-240","Trzemeszno","Poland","422"
"423","9950","Cherokee",NULL,"Sampungu","Indonesia","423"
"424","66","Michigan",NULL,"Qaffīn","Palestinian Territory","424"
"425","53","Meadow Vale","06905 CEDEX","Sophia Antipolis","France","425"
"426","51","Golden Leaf","471 31","Skärhamn","Sweden","426"
"427","5428","Corben",NULL,"Tanxi","China","427"
"428","2544","Bultman","7005-719","Monte do Outeiro","Portugal","428"
"429","8257","Pawling",NULL,"Zoumaling","China","429"
"430","489","Southridge",NULL,"Chengjiao Chengguanzhen","China","430"
"431","7","Melrose",NULL,"Dikou","China","431"
"432","49","Macpherson",NULL,"Nove-Misto","Ukraine","432"
"433","1539","Buhler","75110","Samut Songkhram","Thailand","433"
"434","321","Tennyson","6904","Zevenaar","Netherlands","434"
"435","61080","Ohio",NULL,"Yazd","Iran","435"
"436","0","Forster",NULL,"Beidou","China","436"
"437","8493","1st","11003","Hato Mayor del Rey","Dominican Republic","437"
"438","4","Sachs","3714","Pozo Hondo","Argentina","438"
"439","3","Buell","8702","Sabang","Philippines","439"
"440","79","Holy Cross","789 85","Radnice","Czech Republic","440"
"441","77","Manley",NULL,"Salamrejo","Indonesia","441"
"442","11039","Weeping Birch","7329","Apeldoorn","Netherlands","442"
"443","396","Hudson",NULL,"Fenghuanglu","China","443"
"444","8","Fuller",NULL,"Vân Đình","Vietnam","444"
"445","3634","Hayes",NULL,"Zhongzhou","China","445"
"446","811","Manufacturers",NULL,"Kongjiafang","China","446"
"447","92","Bluejay",NULL,"Nabire","Indonesia","447"
"448","51230","Cascade","H4R","Chase","Canada","448"
"449","71592","Judy",NULL,"Ash Shaykh ‘Uthmān","Yemen","449"
"450","2599","Onsgard","51000","Rijeka","Croatia","450"
"451","194","Veith","9241","Šentilj v Slov. Goricah","Slovenia","451"
"452","79046","Hallows","366309","Shali","Russia","452"
"453","4","Basil","1219","Matayumtayum","Philippines","453"
"454","9","Moose","92662","Newport Beach","United States","454"
"455","5","East",NULL,"Jieshou","China","455"
"456","340","Annamark","263 01","Žebrák","Czech Republic","456"
"457","91","Bartelt",NULL,"Maodian","China","457"
"458","5424","Golf View",NULL,"Kalianget","Indonesia","458"
"459","7689","Eastwood","5413","Chimbas","Argentina","459"
"460","3","Coolidge",NULL,"Menol","Indonesia","460"
"461","9242","Pennsylvania","62-571","Stare Miasto","Poland","461"
"462","802","Browning","385741","Muranovo","Russia","462"
"463","50141","Nelson","Y1A","Whitehorse","Canada","463"
"464","32","Mayfield","70894","Baton Rouge","United States","464"
"465","9576","Dixon",NULL,"Tanglag","China","465"
"466","165","Southridge",NULL,"Ningde","China","466"
"467","31113","Grayhawk","15440-000","Nova Granada","Brazil","467"
"468","584","Goodland",NULL,"Joubb Jannîne","Lebanon","468"
"469","27","Clarendon","3100","Paraná","Argentina","469"
"470","650","Katie",NULL,"Cisarap","Indonesia","470"
"471","4","Alpine","55810-000","Carpina","Brazil","471"
"472","12094","Becker",NULL,"Cibodas","Indonesia","472"
"473","68853","Glacier Hill","94149 CEDEX","Alfortville","France","473"
"474","96784","Raven",NULL,"Lianhe","China","474"
"475","5336","Anniversary","461639","Buguruslan","Russia","475"
"476","425","Pine View","76110","Fort Worth","United States","476"
"477","96","Mosinee",NULL,"Kokshetau","Kazakhstan","477"
"478","49","Delladonna",NULL,"Xylaganí","Greece","478"
"479","984","Menomonie","7006","Siay","Philippines","479"
"480","7","Columbus",NULL,"Nangong","China","480"
"481","40","Duke","2421","Malasiqui","Philippines","481"
"482","984","Hansons","5030-566","Ribeiro","Portugal","482"
"483","7","Bayside",NULL,"Ziketan","China","483"
"484","2","Arrowood",NULL,"Wufeng","China","484"
"485","49927","Cody",NULL,"Nunhala","Indonesia","485"
"486","3657","Karstens",NULL,"Pakel","Indonesia","486"
"487","1491","Badeau",NULL,"Ar Raqqah","Syria","487"
"488","99","Eggendart",NULL,"Zemio","Central African Republic","488"
"489","16","Dottie","597-0095","Kaizuka","Japan","489"
"490","608","Eagle Crest","3060-707","Tocha","Portugal","490"
"491","837","Novick","9830","Frankfort","South Africa","491"
"492","631","Washington",NULL,"Biryukove","Ukraine","492"
"493","242","Hollow Ridge",NULL,"Las Trojes","Honduras","493"
"494","44","Red Cloud","80020 CEDEX 9","Amiens","France","494"
"495","3284","Milwaukee","14922 CEDEX 9","Caen","France","495"
"496","36","Garrison",NULL,"Huangmao","China","496"
"497","135","Scofield","353810","Donetsk","Russia","497"
"498","92","Hanson","169205","Yemva","Russia","498"
"499","2","Florence",NULL,"Huangjiazhai","China","499"
"500","22510","Parkside",NULL,"Al Ḩumaydāt","Yemen","500"
"501","951","Hudson",NULL,"Luodian","China","501"
"502","51","Maple Wood",NULL,"Xianglong","China","502"
"503","58","Cherokee","168 37","Bromma","Sweden","503"
"504","2556","Florence",NULL,"Weixin","China","504"
"505","1","Swallow",NULL,"Daqiao","China","505"
"506","446","Nobel",NULL,"Nzérékoré","Guinea","506"
"507","2","Westport","396841","Karpogory","Russia","507"
"508","568","Old Shore",NULL,"Sumberbatas","Indonesia","508"
"509","5306","Beilfuss","7404","Trondheim","Norway","509"
"510","836","Toban",NULL,"Xianshui","China","510"
"511","95550","Birchwood","N2Z","Grande Cache","Canada","511"
"512","5353","Butterfield",NULL,"Sogati","Indonesia","512"
"513","1537","Becker",NULL,"Gowurdak","Turkmenistan","513"
"514","1208","Basil","692089","Kirovskiy","Russia","514"
"515","25","Scott",NULL,"Wassa-Akropong","Ghana","515"
"516","3","Hudson",NULL,"Farkhah","Palestinian Territory","516"
"517","5149","Forest Dale",NULL,"Padas","Indonesia","517"
"518","8742","Elka",NULL,"Krasnyy Luch","Ukraine","518"
"519","727","Carey",NULL,"Paisha","China","519"
"520","710","Butternut",NULL,"Rancaranji","Indonesia","520"
"521","721","Bunker Hill",NULL,"Falāvarjān","Iran","521"
"522","7865","Farmco","51679 CEDEX 2","Reims","France","522"
"523","1","6th",NULL,"Kijang","South Korea","523"
"524","59","Glendale",NULL,"Sindangsari","Indonesia","524"
"525","96","Clyde Gallagher","625520","Bogandinskiy","Russia","525"
"526","15","American Ash","12437","Berlin","Germany","526"
"527","974","Scott","A86","Claremorris","Ireland","527"
"528","6714","Hanson","2500","Hingatungan","Philippines","528"
"529","6","Sommers",NULL,"Hekou","China","529"
"530","20420","Anniversary","2710-470","São Pedro","Portugal","530"
"531","73437","Truax","1470","Calibutbut","Philippines","531"
"532","91610","Meadow Ridge","70160","Amnat Charoen","Thailand","532"
"533","136","Commercial",NULL,"Lugu","China","533"
"534","9943","Fairview",NULL,"Tucupido","Venezuela","534"
"535","58","Morrow","301070","Talitsa","Russia","535"
"536","5","Rutledge",NULL,"Daqiao","China","536"
"537","84","Anhalt",NULL,"Hongzhou","China","537"
"538","3760","Springs","64110","Sawankhalok","Thailand","538"
"539","3834","Daystar","62-004","Czerwonak","Poland","539"
"540","27433","Manitowish",NULL,"Yumani","Bolivia","540"
"541","188","Blue Bill Park",NULL,"Al Kiswah","Syria","541"
"542","654","Maple Wood",NULL,"Fasito‘outa","Samoa","542"
"543","33","Waubesa",NULL,"Balky","Ukraine","543"
"544","10","Mccormick",NULL,"Agnibilékrou","Ivory Coast","544"
"545","62","David",NULL,"Blang Dalam","Indonesia","545"
"546","3","Memorial","86104 CEDEX","Châtellerault","France","546"
"547","55371","Sheridan",NULL,"Kināna","Sudan","547"
"548","8735","Sherman","42700-000","Lauro de Freitas","Brazil","548"
"549","550","Fisk","187789","Podporozh’ye","Russia","549"
"550","73","Kinsman",NULL,"Jianchang","China","550"
"551","8","Superior",NULL,"Tessaoua","Niger","551"
"552","757","Golden Leaf",NULL,"Santiago de Cuba","Cuba","552"
"553","1","Florence","7213","Concepcion","Philippines","553"
"554","32836","Memorial","5347","Gabrovo","Bulgaria","554"
"555","9699","Anniversary","08600-000","Suzano","Brazil","555"
"556","3795","Grover",NULL,"Texíguat","Honduras","556"
"557","1204","Delladonna",NULL,"Qincheng","China","557"
"558","8490","Garrison","153007","Chivor","Colombia","558"
"559","99527","Bellgrove",NULL,"Ningxin","China","559"
"560","683","Monica","95324 CEDEX","Saint-Leu-la-Forêt","France","560"
"561","5","Lakewood","32-060","Rączna","Poland","561"
"562","844","Bay",NULL,"Chengdong","China","562"
"563","2531","Cascade","9650-015","Água Retorta","Portugal","563"
"564","2","Lunder","60325","Frankfurt am Main","Germany","564"
"565","591","Logan",NULL,"Bi’r al Ḩufayy","Tunisia","565"
"566","4","Alpine","573 23","Tranås","Sweden","566"
"567","76","Anniversary",NULL,"Leonárisso","Cyprus","567"
"568","34277","Butternut","03016","Santa Catarina Barahona","Guatemala","568"
"569","7","Summit","N3T","Brant","Canada","569"
"570","8812","Milwaukee","139 51","Värmdö","Sweden","570"
"571","32329","Warbler","33-383","Tylicz","Poland","571"
"572","87","Tennessee",NULL,"Xinglongjie","China","572"
"573","969","Kennedy","394 44","Želiv","Czech Republic","573"
"574","9648","Vahlen","48180","Na Wa","Thailand","574"
"575","18320","Forest",NULL,"Sulūq","Libya","575"
"576","493","Forest Dale","468 22","Železný Brod","Czech Republic","576"
"577","95","Valley Edge","60309 CEDEX","Senlis","France","577"
"578","85790","Ludington","5016","Batad","Philippines","578"
"579","966","Luster","18290-000","Buri","Brazil","579"
"580","6","Scofield",NULL,"Yanshan","China","580"
"581","0","Porter",NULL,"Piduhe","China","581"
"582","1733","Sullivan","3680-077","Oliveira de Frades","Portugal","582"
"583","5","Huxley","679-1212","Nishiwaki","Japan","583"
"584","96","Vidon","112 40","Stockholm","Sweden","584"
"585","34803","Farmco",NULL,"Mesa","Indonesia","585"
"586","0","Dixon","36180","Khon San","Thailand","586"
"587","2","Granby","6804","Arnhem","Netherlands","587"
"588","29","Jay","370-0535","Shibetsu","Japan","588"
"589","2","Darwin","8714","Maramag","Philippines","589"
"590","3219","Delaware","35000-000","Governador Valadares","Brazil","590"
"591","651","Crowley","366218","Oyskhara","Russia","591"
"592","4","Brickson Park",NULL,"Aībak","Afghanistan","592"
"593","559","Bultman","4800-230","Atães","Portugal","593"
"594","10004","Loomis",NULL,"Druju","Indonesia","594"
"595","82","Buena Vista",NULL,"Tinta","Peru","595"
"596","541","Fallview","05-220","Zielonka","Poland","596"
"597","26","Portage","375-0054","Kodamachō-kodamaminami","Japan","597"
"598","32671","Michigan","2419","Brinkmann","Argentina","598"
"599","786","Rowland","78786","Guadalupe","Mexico","599"
"600","46","Pearson","BD23","Linton","United Kingdom","600"
"601","6684","Erie","396564","Podgornoye","Russia","601"
"602","30897","Daystar","4770-354","Mouquim","Portugal","602"
"603","33","Tennessee",NULL,"Outapi","Namibia","603"
"604","75","Manley",NULL,"Yucheng","China","604"
"605","9462","Golden Leaf",NULL,"Huancapallac","Peru","605"
"606","20","Schlimgen","38150","Memphis","United States","606"
"607","677","Cordelia",NULL,"Ntoke","Indonesia","607"
"608","3","Sachs","4013","Cavinti","Philippines","608"
"609","96","Spenser",NULL,"Tucupita","Venezuela","609"
"610","617","Nancy",NULL,"Jayaraga Kaler","Indonesia","610"
"611","853","Roxbury","1216","Poroj","Macedonia","611"
"612","6377","Chinook",NULL,"Shaheying","China","612"
"613","832","Onsgard",NULL,"Bokani","Nigeria","613"
"614","53","Schurz",NULL,"Lyeskawka","Belarus","614"
"615","30","Hovde",NULL,"San José de Mayo","Uruguay","615"
"616","183","Lukken","14040 CEDEX 4","Caen","France","616"
"617","9","Montana","3025-348","Ardazubre","Portugal","617"
"618","12225","Schiller",NULL,"Moulay Abdallah","Morocco","618"
"619","6","Garrison",NULL,"Divichibazar","Azerbaijan","619"
"620","7402","Alpine",NULL,"Luena","Angola","620"
"621","6244","Village",NULL,"Aş Şūrah aş Şaghīrah","Syria","621"
"622","47","Jenifer",NULL,"Bucu Kidul","Indonesia","622"
"623","83360","Ramsey",NULL,"Shazhenxi","China","623"
"624","91","Coolidge","49218","Pregrada","Croatia","624"
"625","0","Bartillon","3318","San Mateo","Philippines","625"
"626","28","Northview","T4T","Rocky Mountain House","Canada","626"
"627","0","Sherman",NULL,"Cachimayo","Peru","627"
"628","2861","Division","309666","Pyatnitskoye","Russia","628"
"629","21","John Wall",NULL,"Mapinrea","Indonesia","629"
"630","8","Namekagon","085048","Repelón","Colombia","630"
"631","188","Loomis","452320","Dyurtyuli","Russia","631"
"632","5","Artisan","G7Y","Jonquière","Canada","632"
"633","646","Veith",NULL,"Thị Trấn Ngọc Lặc","Vietnam","633"
"634","53417","Red Cloud",NULL,"Douz","Tunisia","634"
"635","1585","Ramsey","94180","Mae Lan","Thailand","635"
"636","83","Susan",NULL,"Blagaj","Bosnia and Herzegovina","636"
"637","75","Acker","4600","Villa Santa Rita","Argentina","637"
"638","24736","Hovde",NULL,"Dawu","China","638"
"639","6157","Crownhardt","5249","Rosmalen","Netherlands","639"
"640","257","Ridge Oak",NULL,"Karapyshi","Ukraine","640"
"641","79706","Messerschmidt",NULL,"Shchastya","Ukraine","641"
"642","64","Pearson",NULL,"Markaz-e Woluswalī-ye Āchīn","Afghanistan","642"
"643","5104","Bluestem",NULL,"Krajan Puru","Indonesia","643"
"644","536","2nd",NULL,"Gandiaye","Senegal","644"
"645","21399","Stephen","28940-000","São Pedro da Aldeia","Brazil","645"
"646","6063","Kim","95000-000","Lucas","Brazil","646"
"647","1022","Vernon",NULL,"Zhangxiong","China","647"
"648","757","Fulton",NULL,"Beiping","China","648"
"649","345","Basil","444008","Distracción","Colombia","649"
"650","31","Fremont",NULL,"Petropavlovsk","Kazakhstan","650"
"651","39","Swallow",NULL,"Majiadu","China","651"
"652","6354","Del Sol",NULL,"Huangtang","China","652"
"653","62","East","68117","Omaha","United States","653"
"654","41305","Carioca","379-2147","Tamamura","Japan","654"
"655","87033","Ruskin",NULL,"Mancagahar","Indonesia","655"
"656","685","Mifflin","384 72","Zdíkov","Czech Republic","656"
"657","9481","Hoffman","1119","Latung","Philippines","657"
"658","2","Warbler",NULL,"Shuangxiqiao","China","658"
"659","96159","Ronald Regan","37931","Knoxville","United States","659"
"660","41308","Gerald",NULL,"Wan’an","China","660"
"661","36","Clemons",NULL,"Tchoban Bey","Syria","661"
"662","53","Dayton",NULL,"San Carlos","Bolivia","662"
"663","7","Anhalt","43000","Galovac","Croatia","663"
"664","12","Elmside","2815","Boliney","Philippines","664"
"665","80","Comanche",NULL,"Sahline","Tunisia","665"
"666","5","Northridge","94631 CEDEX 1","Rungis","France","666"
"667","4185","Green",NULL,"Padangtikar","Indonesia","667"
"668","1006","Meadow Valley","4007","Magdalena","Philippines","668"
"669","58859","Logan","L6J","Oakville","Canada","669"
"670","98","Hanover","J5T","Lavaltrie","Canada","670"
"671","5699","Jenna","22096","Reston","United States","671"
"672","15","Logan",NULL,"Ximafang","China","672"
"673","73425","Schlimgen","4507","Libon","Philippines","673"
"674","63","Buell",NULL,"Daruoyan","China","674"
"675","2","American Ash","7780","Mpophomeni","South Africa","675"
"676","340","Marcy","09300-000","Mauá","Brazil","676"
"677","4","Butterfield","194089","Almaguer","Colombia","677"
"678","64455","Derek","582 81","Habry","Czech Republic","678"
"679","2","Briar Crest",NULL,"Miandrivazo","Madagascar","679"
"680","8000","5th","588 33","Rosice","Czech Republic","680"
"681","887","Trailsway","1430","Kavadarci","Macedonia","681"
"682","4","Clemons",NULL,"Parungjawa","Indonesia","682"
"683","932","La Follette",NULL,"Koungheul","Senegal","683"
"684","450","Hanson","18010","Granada","Spain","684"
"685","1","Manitowish","456664","Kanashevo","Russia","685"
"686","121","Esch","5040","Calinog","Philippines","686"
"687","35","Eliot","98000","La Condamine","Monaco","687"
"688","85","Fuller","4620-091","Bairro","Portugal","688"
"689","73064","Mariners Cove",NULL,"Fylí","Greece","689"
"690","47333","Packers",NULL,"Shupenzë","Albania","690"
"691","54","Eastwood",NULL,"Quşrah","Palestinian Territory","691"
"692","3","Muir",NULL,"Vitebsk","Belarus","692"
"693","28037","Oneill",NULL,"Kresek","Indonesia","693"
"694","8","Prairie Rose",NULL,"Catamayo","Ecuador","694"
"695","45057","Eggendart","1114","Salvacion","Philippines","695"
"696","21570","Russell","6330","New Agutaya","Philippines","696"
"697","5","Morningstar","442009","Maicao","Colombia","697"
"698","46","Waywood",NULL,"Tanakbeak Daye","Indonesia","698"
"699","6099","Buell",NULL,"Nanzhai","China","699"
"700","0","Aberg",NULL,"Lanlongkou","China","700"
"701","7","Cordelia","383 01","Prachatice","Czech Republic","701"
"702","21050","Armistice","606085","Galitsy","Russia","702"
"703","95629","Victoria","30150","Pak Thong Chai","Thailand","703"
"704","7936","Lotheville",NULL,"Massaguet","Chad","704"
"705","5508","Arizona",NULL,"Bakan","Indonesia","705"
"706","30130","Delaware",NULL,"Ailibugai","China","706"
"707","190","Mosinee",NULL,"Nueva Requena","Peru","707"
"708","3592","Bartillon","346550","Ust’-Donetskiy","Russia","708"
"709","4590","Michigan",NULL,"Ustynivka","Ukraine","709"
"710","88334","Hoard",NULL,"Ćuprija","Serbia","710"
"711","83131","Elgar",NULL,"Rābigh","Saudi Arabia","711"
"712","758","Chinook","39010","Santander","Spain","712"
"713","73","Stone Corner","2430-186","Figueiras","Portugal","713"
"714","6519","Canary",NULL,"Ondores","Peru","714"
"715","5","Park Meadow","6120-705","Castelo","Portugal","715"
"716","15","Dapin",NULL,"Gongbuxue","China","716"
"717","7","Vera",NULL,"Machang","China","717"
"718","4","Mcguire",NULL,"Borāzjān","Iran","718"
"719","512","High Crossing",NULL,"El Perico","Honduras","719"
"720","26122","Hauk","10141","Torino","Italy","720"
"721","435","Lakewood Gardens","60567","Naperville","United States","721"
"722","11381","Sherman","22004 CEDEX 1","Saint-Brieuc","France","722"
"723","531","Summit",NULL,"Santa Bernardina","Uruguay","723"
"724","60","Continental","54046 CEDEX","Nancy","France","724"
"725","675","West","06-440","Gąsocin","Poland","725"
"726","2763","Forest",NULL,"Lieyu","China","726"
"727","6378","Iowa","D11","Ballymun","Ireland","727"
"728","666","Crest Line",NULL,"Liangkou","China","728"
"729","202","Dexter",NULL,"Ouzini","Comoros","729"
"730","789","Barnett",NULL,"Narach","Belarus","730"
"731","2","Sunfield","1699","Makati City","Philippines","731"
"732","28","Carey","592 01","Herálec","Czech Republic","732"
"733","8627","Pawling","418 77","Göteborg","Sweden","733"
"734","0","Carpenter","188903","Krasnyy Oktyabr’","Russia","734"
"735","245","Iowa","861-1686","Kikuchi","Japan","735"
"736","8200","Prentice",NULL,"Bartolomé Masó","Cuba","736"
"737","5832","7th",NULL,"Amvrosiyivka","Ukraine","737"
"738","2","Merchant",NULL,"Jinrongjie","China","738"
"739","7760","Schmedeman","542 33","Mariestad","Sweden","739"
"740","389","Prairie Rose",NULL,"Krajanjugosari","Indonesia","740"
"741","61451","Warner",NULL,"Kutum","Sudan","741"
"742","8","Wayridge","5105","Santa Cruz","Philippines","742"
"743","706","Sunfield",NULL,"Longhuashan","China","743"
"744","2343","Sunfield",NULL,"Daogao","China","744"
"745","94525","Vahlen",NULL,"Chengbei","China","745"
"746","3","Twin Pines","4795-446","São Martinho do Campo","Portugal","746"
"747","90332","Nova",NULL,"Otuke","Uganda","747"
"748","61428","Park Meadow","665133","Uchaly","Russia","748"
"749","490","Amoth","02019 CEDEX","Laon","France","749"
"750","1704","La Follette",NULL,"Awka","Nigeria","750"
"751","808","Hansons","6262","Kičevo","Macedonia","751"
"752","2","Blackbird","633027","La Tebaida","Colombia","752"
"753","6","Thierer","781 96","Borlänge","Sweden","753"
"754","5047","Russell",NULL,"Menlou’ao","China","754"
"755","2","Lillian","18-411","Śniadowo","Poland","755"
"756","46071","Dennis",NULL,"Wotsogo","Indonesia","756"
"757","5052","Lindbergh","V8C","Kitimat","Canada","757"
"758","2620","Eastwood",NULL,"Kalangan","Indonesia","758"
"759","5","Swallow","6211","Tayasan","Philippines","759"
"760","25","Johnson",NULL,"Pailin","Cambodia","760"
"761","54","Lighthouse Bay","39170","Khon Kaen","Thailand","761"
"762","5","Buell",NULL,"Mitzpe Ramon","Israel","762"
"763","38","Farwell",NULL,"Xujiadian","China","763"
"764","29","1st",NULL,"Zhongzhai","China","764"
"765","26","Dennis",NULL,"Pinglin","China","765"
"766","97","Arrowood","95000-000","Lucas","Brazil","766"
"767","589","Vidon","879-7504","Ōita","Japan","767"
"768","58","Canary",NULL,"Melekyne","Ukraine","768"
"769","34542","Barnett","187003","Tosno","Russia","769"
"770","86363","Judy",NULL,"Kornyn","Ukraine","770"
"771","63248","Monica","84304 CEDEX","Cavaillon","France","771"
"772","127","Linden","93300-000","Novo Hamburgo","Brazil","772"
"773","8","Maple Wood",NULL,"Hengli","China","773"
"774","243","Calypso","1702","General San Martín","Argentina","774"
"775","7","Arrowood",NULL,"Montor Timur","Indonesia","775"
"776","75","Prairie Rose","912-0004","Nakatsugawa","Japan","776"
"777","36","Shoshone","D04","Donnybrook","Ireland","777"
"778","2","Loftsgordon","6301","Baclayon","Philippines","778"
"779","27","Columbus",NULL,"Mauloo","Indonesia","779"
"780","57539","Ohio",NULL,"Akhmīm","Egypt","780"
"781","6067","Kennedy",NULL,"Torbat-e Jām","Iran","781"
"782","8921","High Crossing","103 11","Stockholm","Sweden","782"
"783","1","Arkansas",NULL,"Erping","China","783"
"784","760","Garrison","76821 CEDEX","Mont-Saint-Aignan","France","784"
"785","941","Sunnyside","655735","Biskamzha","Russia","785"
"786","149","Hansons",NULL,"Xinfeng","China","786"
"787","97","Manitowish",NULL,"Karangbenda","Indonesia","787"
"788","25270","Delladonna",NULL,"Gongrong","China","788"
"789","3","Starling","20180","Sattahip","Thailand","789"
"790","14385","Dottie",NULL,"Shuigou","China","790"
"791","24423","Northwestern",NULL,"Lusaka","Zambia","791"
"792","19","Shoshone","901-0361","Itoman","Japan","792"
"793","34","Bluejay","88140-000","Santo Amaro da Imperatriz","Brazil","793"
"794","64","Di Loreto",NULL,"Dahe","China","794"
"795","13","Quincy",NULL,"Dhī Nā‘im","Yemen","795"
"796","84","Carioca",NULL,"Amānzī","Afghanistan","796"
"797","82","Dwight",NULL,"Qiaolin","China","797"
"798","0","Westport","92804 CEDEX","Puteaux","France","798"
"799","6332","Oakridge","23390","Iniö","Finland","799"
"800","47","Lerdahl",NULL,"Saposoa","Peru","800"
"801","3","Sunnyside",NULL,"Nanyang","China","801"
"802","14345","Kropf","452155","Vagonoremont","Russia","802"
"803","5512","Redwing","7220-205","Monte de Trigo","Portugal","803"
"804","0","Transport",NULL,"Xiaochi","China","804"
"805","15","Atwood","249144","Peremyshl’","Russia","805"
"806","7","Summer Ridge","29800-000","Barra de São Francisco","Brazil","806"
"807","9","Steensland","311 35","Falkenberg","Sweden","807"
"808","92","Badeau",NULL,"Xiaozhen","China","808"
"809","68862","Hanson","0806","Oslo","Norway","809"
"810","644","6th","341 31","Ljungby","Sweden","810"
"811","592","Thierer",NULL,"Mujur Satu","Indonesia","811"
"812","9","Miller","641360","Belozërskoye","Russia","812"
"813","1497","Bonner",NULL,"Stanley","Falkland Islands","813"
"814","74753","Little Fleur","658065","Borovikha","Russia","814"
"815","143","Magdeline","55-340","Udanin","Poland","815"
"816","6584","Eagan","08209 CEDEX","Sedan","France","816"
"817","454","Warner",NULL,"Bago","Indonesia","817"
"818","70889","Tomscot",NULL,"Anding","China","818"
"819","7","Di Loreto",NULL,"Padangsidempuan","Indonesia","819"
"820","159","Colorado","58910","San Rafael","Mexico","820"
"821","4","Starling",NULL,"Pingsha","China","821"
"822","61064","Thompson",NULL,"Hexing","China","822"
"823","82","Lotheville",NULL,"Banjar Pekandelan","Indonesia","823"
"824","31","Fremont","17690-000","Bastos","Brazil","824"
"825","80","Merry","0492","Oslo","Norway","825"
"826","7395","Swallow",NULL,"Long Loreh","Indonesia","826"
"827","457","Grover",NULL,"Las Vegas","Venezuela","827"
"828","34","Sutteridge",NULL,"Huangtan","China","828"
"829","998","Raven",NULL,"Gostimë","Albania","829"
"830","7250","Old Shore",NULL,"Konkwesso","Nigeria","830"
"831","9268","Twin Pines",NULL,"Arivonimamo","Madagascar","831"
"832","740","Loomis","241551","Sel’tso","Russia","832"
"833","8","Prentice",NULL,"Mandalt","China","833"
"834","7","7th","35-959","Rzeszów","Poland","834"
"835","2","Basil",NULL,"Karanlukh","Armenia","835"
"836","3","Loeprich",NULL,"Paleran","Indonesia","836"
"837","5490","Hoard",NULL,"Bududa","Uganda","837"
"838","98","Steensland","4770-305","Landim","Portugal","838"
"839","84262","Fairfield","56019 CEDEX","Vannes","France","839"
"840","7","Packers",NULL,"Kaem","Indonesia","840"
"841","3678","Talmadge","1504","Zaandam","Netherlands","841"
"842","88","Northport","70505","Lafayette","United States","842"
"843","12745","Rowland",NULL,"Kenamoen","Indonesia","843"
"844","4","Farragut","K45","Lusk","Ireland","844"
"845","6722","Bartelt","477058","Pivijay","Colombia","845"
"846","20","Vidon",NULL,"Jianshan","China","846"
"847","250","Glacier Hill","7005","Manika","Philippines","847"
"848","30839","Bellgrove",NULL,"Gālīkesh","Iran","848"
"849","454","Pine View",NULL,"Laka","Indonesia","849"
"850","65","Emmet","M2K","Lewisporte","Canada","850"
"851","43","Lakeland",NULL,"La Guama","Honduras","851"
"852","31","Larry","5001","Balibagan Oeste","Philippines","852"
"853","85","Reinke",NULL,"Chongmin","China","853"
"854","82409","Barby",NULL,"Changgai","China","854"
"855","524","Thackeray","52223","Raša","Croatia","855"
"856","1","Leroy","3105","Diamante","Argentina","856"
"857","1","South","3070-125","Ermida","Portugal","857"
"858","68","Burrows",NULL,"Tambaksumur","Indonesia","858"
"859","22542","Basil","KKR","Kalkara","Malta","859"
"860","56","Monument","61110","Rockford","United States","860"
"861","85291","Randy",NULL,"Kedungsumurkrajan","Indonesia","861"
"862","9900","Huxley",NULL,"Shouchang","China","862"
"863","22110","Parkside",NULL,"Tianchi","China","863"
"864","55","Garrison",NULL,"Abraham’s Bay","Bahamas","864"
"865","1041","Manley","992-0321","Kameoka","Japan","865"
"866","7","Jenifer","4465","Lesichevo","Bulgaria","866"
"867","96","Raven","95720-000","Garibaldi","Brazil","867"
"868","5","Leroy",NULL,"Dadapan","Indonesia","868"
"869","199","Susan",NULL,"Līgatne","Latvia","869"
"870","8911","Northland",NULL,"Abuko","Gambia","870"
"871","24","Messerschmidt",NULL,"Ţāqchah Khānah","Afghanistan","871"
"872","85","Reindahl",NULL,"Naga","Indonesia","872"
"873","98","Warbler","78275-000","Rio Branco","Brazil","873"
"874","2","Monterey","97211","Portland","United States","874"
"875","32","Lerdahl","425399","Yurino","Russia","875"
"876","620","Hayes",NULL,"Buket Teukuh","Indonesia","876"
"877","3","Barnett","99871","Inari","Finland","877"
"878","9854","Crowley",NULL,"Junaynat Raslān","Syria","878"
"879","47","Crownhardt","761 43","Norrtälje","Sweden","879"
"880","6","Carioca","8970","Kotel","Bulgaria","880"
"881","960","Johnson",NULL,"Māsāl","Iran","881"
"882","35865","Summerview",NULL,"Matiguás","Nicaragua","882"
"883","942","3rd",NULL,"Dayangzhou","China","883"
"884","983","Graedel",NULL,"Zhouling","China","884"
"885","70","Bunting",NULL,"Klakeh","Indonesia","885"
"886","31","Mallard",NULL,"Jeju-si","South Korea","886"
"887","946","Banding",NULL,"Bayan Hot","China","887"
"888","2899","Sachtjen","5140-058","Carrazeda de Ansiães","Portugal","888"
"889","212","Erie",NULL,"Karangbaru","Indonesia","889"
"890","249","Porter","2480-301","Porto de Mós","Portugal","890"
"891","7","Red Cloud","7461","Bhātpāra Abhaynagar","Bangladesh","891"
"892","43338","Texas",NULL,"Ngasinan","Indonesia","892"
"893","60483","Mallard","655672","Shushenskoye","Russia","893"
"894","3","Reinke","182670","Dno","Russia","894"
"895","11","Fairview",NULL,"Gadingrejo","Indonesia","895"
"896","30204","Johnson",NULL,"Khōshī","Afghanistan","896"
"897","29507","Drewry",NULL,"Longmiao","China","897"
"898","2","Farwell",NULL,"Ambatondrazaka","Madagascar","898"
"899","9","Loomis",NULL,"Chishui","China","899"
"900","5285","Burning Wood",NULL,"Gaotai","China","900"
"901","776","Morning","37-750","Dubiecko","Poland","901"
"902","22","Holmberg",NULL,"Lisala","Democratic Republic of the Congo","902"
"903","77039","Ridgeview",NULL,"Daluo","China","903"
"904","2","Prentice","756 53","Vidče","Czech Republic","904"
"905","0","New Castle","MD-5233","Drochia","Moldova","905"
"906","76929","Steensland","49560","Grand Rapids","United States","906"
"907","37635","Sheridan",NULL,"Junxi","China","907"
"908","3","Myrtle","6344","Danao","Philippines","908"
"909","7","Longview","43-330","Wilamowice","Poland","909"
"910","25","Glacier Hill","50601","Cañas","Costa Rica","910"
"911","73280","Union",NULL,"Ḏânan","Djibouti","911"
"912","3","Pepper Wood",NULL,"Huaqiao","China","912"
"913","30","Summer Ridge","32-854","Przyborów","Poland","913"
"914","5","Claremont","91664","El Arenal","Mexico","914"
"915","111","Corry",NULL,"Chongwen","China","915"
"916","3","Myrtle","671410","Khorinsk","Russia","916"
"917","57","Shoshone",NULL,"Bašaid","Serbia","917"
"918","64456","Stang",NULL,"Pingya","China","918"
"919","855","Esker","4510-469","Fanzeres","Portugal","919"
"920","45","Orin",NULL,"Chahe","China","920"
"921","85472","Spenser",NULL,"Nganane","Tanzania","921"
"922","562","Straubel","6126","Dobdoban","Philippines","922"
"923","2947","Gerald","4605-491","Vale","Portugal","923"
"924","6","Crest Line","4770-565","Vale de São Cosme","Portugal","924"
"925","2","Bluejay","62036 CEDEX","Arras","France","925"
"926","6027","Kings","4640-301","Chãos","Portugal","926"
"927","28750","Stoughton",NULL,"Perivólia","Cyprus","927"
"928","64439","Merchant","3515","Capitán Solari","Argentina","928"
"929","86","Havey",NULL,"Liangshui","China","929"
"930","254","Jana","98400-000","Frederico Westphalen","Brazil","930"
"931","73318","Karstens","6227","San Juan","Philippines","931"
"932","58200","Fairview",NULL,"Wenping","China","932"
"933","5","Gerald",NULL,"Labuhan","Indonesia","933"
"934","103","Fieldstone",NULL,"Ciriri","Indonesia","934"
"935","0","Continental",NULL,"Kebon","Indonesia","935"
"936","0","Dottie",NULL,"Farshūţ","Egypt","936"
"937","5","Darwin",NULL,"Lunang","China","937"
"938","2547","American Ash",NULL,"Yanmen","China","938"
"939","687","Little Fleur",NULL,"Xiaohe","China","939"
"940","69429","Hoepker","2530-285","Sobral","Portugal","940"
"941","313","Nevada","11205","Comendador","Dominican Republic","941"
"942","31","Alpine","3220-350","Vidual","Portugal","942"
"943","592","Cherokee","368670","Dagestanskiye Ogni","Russia","943"
"944","7409","Pawling",NULL,"Huayuanli","China","944"
"945","0","Grasskamp","646626","Kalininskiy","Russia","945"
"946","5459","Morrow",NULL,"Kawungsari","Indonesia","946"
"947","4545","Thackeray","77400-000","Gurupi","Brazil","947"
"948","904","Haas",NULL,"Perico","Cuba","948"
"949","94408","Johnson","276038","Mutis","Colombia","949"
"950","3","Del Sol",NULL,"Guangshun","China","950"
"951","69","Novick",NULL,"Zhongzi","China","951"
"952","4714","Del Sol","78181 CEDEX","Saint-Quentin-en-Yvelines","France","952"
"953","82059","3rd",NULL,"Malāyer","Iran","953"
"954","1468","Fuller","10705","Yonkers","United States","954"
"955","1824","Dwight","37-754","Babice","Poland","955"
"956","882","Annamark",NULL,"Nanjie","China","956"
"957","49","Sachtjen","9315","Madalum","Philippines","957"
"958","0","Hauk",NULL,"Fuquan","China","958"
"959","8535","Stephen","164 40","Kista","Sweden","959"
"960","3","Westend","04006","Tecpán Guatemala","Guatemala","960"
"961","68347","Melvin","86700-000","Arapongas","Brazil","961"
"962","263","Dapin","02323 CEDEX","Saint-Quentin","France","962"
"963","37","Division",NULL,"Juigalpa","Nicaragua","963"
"964","12862","Portage","9259","Tromsø","Norway","964"
"965","81289","Forest Run",NULL,"Habana del Este","Cuba","965"
"966","8","Oak Valley","437 36","Lindome","Sweden","966"
"967","1295","Glendale",NULL,"Arkalyk","Kazakhstan","967"
"968","95104","Victoria",NULL,"Mudian","China","968"
"969","8286","Springview",NULL,"Bužim","Bosnia and Herzegovina","969"
"970","46","Troy",NULL,"Farkhor","Tajikistan","970"
"971","480","Clyde Gallagher",NULL,"Sake","Democratic Republic of the Congo","971"
"972","7174","Crownhardt",NULL,"Tsovazard","Armenia","972"
"973","1928","Marquette","87330","Jardin","Mexico","973"
"974","8","Clove","06520","New Haven","United States","974"
"975","79788","Stang",NULL,"Changleng","China","975"
"976","97757","Mallory","62-310","Pyzdry","Poland","976"
"977","8929","Hallows",NULL,"Prantaan","Indonesia","977"
"978","4","Utah",NULL,"Ankazobe","Madagascar","978"
"979","89599","Bowman",NULL,"Xia Dawo","China","979"
"980","307","Johnson",NULL,"Cikembar","Indonesia","980"
"981","9345","Arizona","K78","Lucan","Ireland","981"
"982","578","Erie","143814","Tayzhina","Russia","982"
"983","4103","Grayhawk",NULL,"Shiqiao","China","983"
"984","1","4th","931 77","Skellefteå","Sweden","984"
"985","69","Algoma",NULL,"Klatakan","Indonesia","985"
"986","5","Iowa","H9S","Dorval","Canada","986"
"987","402","Nobel",NULL,"Kemil","Indonesia","987"
"988","57084","Porter","54700-000","São Lourenço da Mata","Brazil","988"
"989","8","Dovetail",NULL,"Jindaoxia","China","989"
"990","1061","Evergreen","02912","Providence","United States","990"
"991","3587","Russell","429052","Krasnyye Chetai","Russia","991"
"992","55113","Fairfield",NULL,"Châu Thành","Vietnam","992"
"993","36049","Golf",NULL,"Āzādshahr","Iran","993"
"994","97","Fairview","35687","Dillenburg","Germany","994"
"995","43","Colorado",NULL,"Zhenxi","China","995"
"996","0","Troy",NULL,"Luzhou","China","996"
"997","260","Manitowish","4105","Tafí Viejo","Argentina","997"
"998","31","Packers","17200-000","Jaú","Brazil","998"
"999","6","Declaration","15440-000","Nova Granada","Brazil","999"
"1000","58","Southridge","N2R","Kitchener","Canada","1000"
