"id","name","id_category_1"
"1","dapibus",NULL
"2","non",NULL
"3","sagittis",NULL
"4","odio",NULL
"5","rutrum",NULL
"6","donec",NULL
"7","platea",NULL
"8","bibendum",NULL
"9","scelerisque",NULL
"10","tincidunt",NULL
"11","morbi",NULL
"12","justo sollicitudin","6"
"13","phasellus id","8"
"14","iaculis","6"
"15","rutrum nulla","4"
"16","in hac","10"
"18","a","10"
"19","in libero","9"
"20","nam","1"
"21","in lacus","7"
"24","suspendisse potenti","11"
"25","nulla sed","5"
"26","quisque","4"
"27","mattis nibh","7"
"28","nam ultrices","4"
"29","lorem","10"
"30","imperdiet","2"
"31","augue aliquam","5"
"32","volutpat eleifend","9"
"33","tempor turpis","7"
"36","cubilia","10"
"37","luctus et","2"
"38","nunc rhoncus","9"
"39","nullam","7"
"40","orci pede","4"
"41","purus","9"
"42","ultrices","11"
"43","nulla","4"
"44","pede justo","11"
"45","vel","10"
"46","praesent","2"
"47","sit amet","3"
"48","pretium iaculis","4"
"49","ligula sit","9"
"50","enim leo","11"
"51","tincidunt ante","2"
"52","nec","5"
"53","vestibulum","4"
"54","magna vestibulum","11"
"56","eros","7"
"58","eu interdum","4"
"59","cubilia curae","10"
"61","ipsum primis","5"
"68","donecs","6"
"115","lorems","10"
"117","imperdiets","2"
"119","augue aliquams","5"
"120","volutpat eleifends","9"
"121","tempor turpi","7"
"122","suspendisse potentis","1"
"123","cubilias","10"
"124","luctus eti","2"
"125","nunc rhoncu","9"
"126","nullams","7"
"127","orci pedes","4"
"128","puru","9"
"129","ultrice","11"
"130","nullas","4"
"131","pede justi","11"
"132","vels","10"
"133","praesents","2"
"134","sit ame","3"
"135","pretium iaculi","4"
"136","ligula site","9"
"137","enim leos","11"
"138","tincidunt antes","2"
"139","necs","5"
"140","vestibulums","4"
"141","magna vestibulums","11"
"142","necis","2"
"143","ero","7"
"144","nones","1"
"145","eu interdums","4"
"146","cubilia curaes","10"
"147","odios","11"
"148","ipsum primi","5"
"150","ultricesi","7"
"151","curaes","8"
"152","ligulas","11"
"153","aeneans","8"
"154","ligula suspendisses","11"
"155","leosi","8"
"156","dapibu","2"
"158","aeneansi","3"
