"id","name"
"41","a"
"7","ac"
"89","acs"
"2","amet"
"75","as"
"4","donec"
"35","dui"
"69","duis"
"20","eget"
"43","elementum"
"77","elementums"
"6","elit"
"88","elits"
"33","enim"
"66","enims"
"29","erat"
"61","erats"
"10","est"
"25","etiam"
"57","etiams"
"28","eu"
"60","eus"
"46","felis"
"81","feliss"
"8","iaculis"
"87","iaculiss"
"5","interdum"
"54","interdums"
"68","interdumsi"
"39","lacinia"
"73","lacinias"
"15","leo"
"13","ligula"
"23","lorem"
"55","lorems"
"64","loremsi"
"32","maecenas"
"65","maecenass"
"47","mauris"
"82","mauriss"
"19","nascetur"
"48","nec"
"83","necs"
"12","non"
"52","nones"
"3","nulla"
"44","orci"
"78","orcis"
"37","pede"
"71","pedes"
"14","pharetra"
"42","platea"
"76","plateas"
"9","porta"
"86","portas"
"17","proin"
"40","purus"
"74","puruss"
"16","quisque"
"27","sagittis"
"59","sagittiss"
"11","sapien"
"1","tellus"
"18","tempus"
"24","turpis"
"56","turpiss"
"26","ultrices"
"85","ultricesis"
"58","ultricess"
"30","ut"
"62","uts"
"80","utsi"
"90","utsis"
"91","vels"
"38","venenatis"
"72","venenatiss"
"36","vitae"
"70","vitaes"
